Frame,EAR,DROWSY,SIDE_TILT,FRONT_TILT
14,0.27918337292022005,0,2.147585428298503,8.888320417982158
28,0.2746238645111495,0,2.2025981617658057,7.585722108740981
42,0.2995828326564537,0,0.6986943829834713,6.6457594902059896
56,0.31402811432848143,0,2.8624052261117474,9.723450050132868
70,0.34062690114833977,0,2.147585428298503,7.0241525881919245
84,0.27918337292022005,0,0.7345210342548154,8.872993355764379
98,0.21951083552196987,0,-3.715289105428768,6.440948063422468
112,0.3538537501235025,0,-0.7161599454704085,7.509667469142698
126,0.3330981095174935,0,0.7161599454704085,7.479047635188749
140,0.30080126535331875,0,2.8624052261117474,6.249910402130155
154,0.30117097297556616,0,2.827124578161273,5.2563095393877575
168,0.3010364891691585,0,2.147585428298503,6.169910784812032
182,0.30975937967618805,0,3.5763343749973515,5.866113036476463
196,0.3100005532134962,0,3.667788055531428,7.3921590355624005
210,0.3328201177351375,0,2.8624052261117474,8.485386636980621
224,0.3203355464402595,0,2.1210963966614536,8.416955277139465
238,0.3250847127590336,0,2.935673446421173,6.471331681489545
252,0.29651742278276144,0,2.8624052261117474,8.52673649572759
266,0.30994700575355183,0,10.88552705465874,9.244544011291225
280,0.31535279009444844,0,15.255118703057775,11.418420584153807
294,0.31014740629201826,0,14.036243467926477,13.494679534876468
308,0.20413735749068335,0,14.381394591090602,9.86894438434527
322,0.34284915290288664,0,9.688786560366804,11.203991671277379
336,0.17528248554034748,0,2.935673446421173,9.254220207497724
350,0.2767114301352826,0,-8.325650330426836,10.195431159379694
364,0.31424356425336175,0,-15.376251248826192,11.014640907501729
378,0.20218100507444212,0,-14.206766117760369,10.024217499170305
392,0.24978254876706618,0,-5.063616853030085,5.15496439439454
406,0.313435597664362,0,-0.0,1.0523188097509149
420,0.229365099137398,0,3.8140748342903548,5.372534496995684
434,0.36198299002041406,0,3.7640348649057183,0.23316037724913485
448,0.30669560276183777,0,3.532294583890887,7.242196507704875
462,0.3532084193174259,0,-0.6820603931726519,14.166961091232253
476,0.3682566754559761,0,-0.0,17.83120360726184
490,0.31730334517304215,0,-0.0,18.919043322614897
504,0.3162313994303883,0,-0.6585431775636029,25.550129987022018
518,0.35456197496545505,0,-0.0,32.202697844487034
532,0.3648363313394951,0,-0.0,25.345791730614422
546,0.3254306415396481,0,0.6740368979845054,13.963181111645952
560,0.36884564217540505,0,1.3478872801985984,11.83477195888284
574,0.2221281813362389,0,0.7161599454704085,9.096698741963792
588,0.3032459618271612,0,1.414423211402155,11.310133888487314
602,0.23413157231036108,0,0.7161599454704085,8.111650957583265
616,0.3790347949245624,0,1.380354073444452,11.763396040141515
630,0.36884564217540505,0,-0.0,11.387139068101192
644,0.32430479570967397,0,0.6820603931726519,10.563917943188102
658,0.38198535045609605,0,1.3639275316029187,12.726330691713855
672,0.3950739751524692,0,0.6740368979845054,12.305137617085364
686,0.2426470588235294,0,-0.0,10.83647385795203
700,0.40825089675419024,0,-1.380354073444452,10.333899072169373
714,0.3949707822577275,0,-2.095252564623846,8.392502779221928
728,0.3996721455089764,0,-1.3971810272963767,9.053920734892472
742,0.41721059786638526,0,-0.6820603931726519,10.851175478349063
756,0.4044494684715174,0,-2.070030653041098,10.038584099435582
770,0.19537112170797416,0,-3.667788055531428,9.000122736741844
784,0.168963299495693,0,0.7161599454704085,8.273834445814117
798,0.18856811019740555,0,-0.0,7.555479129523064
812,0.2269759110597967,0,-1.4320961841646465,10.449818618994698
826,0.2681162379002006,0,-2.8985767992817095,8.552028153443132
840,0.32056310766746854,0,2.1210963966614536,6.366718049119925
854,0.375,0,1.3971810272963767,7.023482443243324
868,0.3516081871345029,0,1.4320961841646465,7.4652181189916575
882,0.1817251151251497,0,-0.0,3.517384576502508
896,0.3469442304398661,0,0.6986943829834713,6.831410629945481
910,0.33886877783308933,0,-0.0,6.191942139457893
924,0.3085697607610288,0,0.7161599454704085,5.80223351585866
938,0.23850259343081626,0,-0.0,4.141873104295712
952,0.2059811237210472,0,-0.0,6.433524152706013
966,0.16480299981183222,0,-0.0,6.0710339904297825
980,0.13076703621154875,0,0.7440592028887096,3.9782005449102087
994,0.3189526128295067,0,1.4320961841646465,6.633650859526341
1008,0.26485574679748497,0,1.414423211402155,6.20875832160462
1022,0.24896579695820548,0,0.7345210342548154,5.435124923839112
1036,0.12769481320598317,0,-0.0,6.0168215559809255
1050,0.2082847908398294,0,0.7161599454704085,7.401555561767282
1064,0.1936677751085612,0,-0.0,3.3679009762042256
1078,0.3888888888888889,0,-0.0,8.773056446434538
1092,0.3885895131232746,0,0.6986943829834713,9.832431867058972
1106,0.20714448089256515,0,0.7538483330707669,5.376369181037404
1120,0.37470062423438577,0,0.6986943829834713,8.120091969595734
1134,0.3608545033120132,0,0.6986943829834713,8.531655864014112
1148,0.15258413786498706,0,-0.0,5.704910192403844
1162,0.39056057958262846,0,0.6902771978650786,9.30747856631109
1176,0.3935309125916988,0,-0.0,8.358496136265302
1190,0.39086299477404096,0,-0.0,8.42803257353944
1204,0.30037444925543233,0,0.7161599454704085,9.201781582202244
1218,0.3611111111111111,0,-0.0,8.314671920285178
1232,0.3727771410241655,0,-0.0,8.111254558764955
1246,0.3374626904465161,0,0.6986943829834713,9.48535960207667
1260,0.3194444444444444,0,1.4320961841646465,7.874313364451467
1274,0.38002032815423936,0,-0.0,8.783705745378143
1288,0.37959007354793756,0,-0.0,8.299589862142085
1302,0.34668762264076824,0,-0.0,8.739615364442727
1316,0.3137254901960784,0,-0.0,9.306416131359043
1330,0.35672162140996655,0,-0.6986943829834713,8.714002351925132
1344,0.38957656606585067,0,-0.6986943829834713,6.924491858715214
1358,0.3895750463529516,0,-0.6986943829834713,9.306759838744085
1372,0.4332756033641325,0,-0.6820603931726519,9.168226759975397
1386,0.4329334596320019,0,-0.0,9.11207053550578
1400,0.4076037535436863,0,-0.6820603931726519,9.497884777839062
1414,0.4215808291791935,0,-0.6820603931726519,9.2932386509259
1428,0.4332756033641325,0,-0.7073193685442565,7.030551136989288
1442,0.20407245202105662,0,-0.0,6.166197494680517
1456,0.4176537196092427,0,-0.0,8.396179540818707
1470,0.3472222222222222,0,-0.0,9.349514916471009
1484,0.23510540706076502,0,0.725224299059252,7.971536902273584
1498,0.3882901373576604,0,-0.0,10.96450868908633
1512,0.40101483267669247,0,0.6820603931726519,9.08768593034452
1526,0.3799686052406218,0,-0.0,9.671241321760562
1540,0.33231395577893647,0,6.340191745909909,8.699727265770917
1554,0.3477523683785663,0,15.376251248826192,7.626322677607874
1568,0.34449477700036885,0,16.69924423399362,12.090882231287395
1582,0.38719117178254353,0,15.668160421752493,12.000486660519755
1596,0.3841004649815557,0,14.845452082083824,11.630896185425826
1610,0.26548248270205865,0,8.426969021480673,10.291938987091697
1624,0.2939639101992475,0,-4.1849161251184155,10.945776404963482
1638,0.39409572970380824,0,-13.201087175705577,10.598867118245664
1652,0.28858204257125564,0,-14.400021306791052,9.412107070683959
1666,0.3677683460300155,0,-13.360218444764483,10.111666716565963
1680,0.36766765788514966,0,-13.360218444764483,11.679736625866639
1694,0.37946995451737997,0,-14.708303899682747,11.721910621031242
1708,0.300161323934401,0,-15.376251248826192,9.704545248253055
1722,0.3345988539095985,0,-10.366322603450492,10.487457417426214
1736,0.26590577021491013,0,-2.147585428298503,8.431309947393913
1750,0.3351155373249634,0,1.380354073444452,8.324112921712043
1764,0.3513717632045375,0,2.095252564623846,6.953820364250959
1778,0.4124376075395271,0,2.827124578161273,4.94781694264077
1792,0.19073450669382444,0,2.935673446421173,1.3446897189483025
1806,0.375,0,1.3971810272963767,5.199044172077322
1820,0.33823205492384656,0,2.095252564623846,3.6022058905823826
1834,0.3243431660349577,0,2.095252564623846,3.2733342961988683
1848,0.3784003603741173,0,2.095252564623846,5.490384745573806
1862,0.3784003603741173,0,0.7161599454704085,4.930703581418101
1876,0.3330767255342354,0,2.095252564623846,4.78660449135657
1890,0.29751461988304095,0,1.3971810272963767,11.317294669761253
1904,0.32408655823585975,0,-0.0,13.559074004666627
1918,0.3515136845921546,0,1.3322198538696388,14.618759670014526
1932,0.14026797501014904,0,0.6902771978650786,12.886336221546031
1946,0.2870934320669244,0,-0.0,15.562697578164773
1960,0.311366763125142,0,-0.0,15.58061801203064
1974,0.35890245974325125,0,1.3322198538696388,16.923235990402162
1988,0.26655361547148276,0,-0.6902771978650786,17.91148676929828
2002,0.4219978575547771,0,-0.0,16.845177897599484
2016,0.3691002525615217,0,0.6740368979845054,12.422792790996112
2030,0.3810515401400366,0,-0.0,10.377386612730703
2044,0.3243431660349577,0,0.6986943829834713,7.036952459929779
2058,0.3516081871345029,0,-0.0,8.02220243503092
2072,0.3523157285818238,0,0.6902771978650786,6.880303585183697
2086,0.23214032978496424,0,-0.0,6.0077430192637
2100,0.314307259844291,0,0.7161599454704085,8.340944580848515
2114,0.22990242880609438,0,-0.0,6.8551707779662365
2128,0.13216372009101796,0,-0.0,4.627077775485304
2142,0.1457151633432271,0,-0.0,5.53719819029493
2156,0.20346511540745438,0,-0.0,5.657515291131631
2170,0.25719239141655337,0,0.7161599454704085,6.327656602307258
2184,0.2868532575254843,0,-0.0,6.830947423221687
2198,0.17361978893167018,0,0.7345210342548154,6.947487484785626
2212,0.21960106523711398,0,0.7161599454704085,8.117829739693804
2226,0.23488808780588138,0,-0.0,6.64911250024042
2240,0.22600324833896313,0,0.7345210342548154,6.008281649920235
2254,0.22752011072543415,0,-0.0,5.8792266228607275
2268,0.2662847433797463,0,0.7345210342548154,7.584834158771031
2282,0.39327630220558224,0,0.6902771978650786,9.407498079877172
2296,0.1833124982536024,0,0.7742201649280623,4.365468439109264
2310,0.36209816405368717,0,-0.0,8.717344410158859
2324,0.3333333333333333,0,1.3971810272963767,8.456792813946777
2338,0.3611111111111111,0,-0.0,8.364325733117198
2352,0.3786549707602339,0,-0.0,7.773741486670758
2366,0.3379540631414905,0,-0.0,6.694994728653114
2380,0.27892960426948415,0,1.4320961841646465,7.21033405046677
2394,0.3783555949946197,0,0.6986943829834713,7.375679737477668
2408,0.3935309125916988,0,1.380354073444452,6.934299283930869
2422,0.37598705294257606,0,-0.0,5.386316116808473
2436,0.3944640452629954,0,0.6986943829834713,8.194350920126482
2450,0.3654970760233918,0,-0.0,7.574792805128595
2464,0.3469442304398661,0,0.6986943829834713,6.604240196458392
2478,0.3472222222222222,0,-0.0,7.696611417969791
2492,0.35798312257322484,0,0.6902771978650786,7.4187012700618595
2506,0.3561982606824405,0,-0.0,5.615464908642792
2520,0.3786549707602339,0,-0.0,7.806995816005497
2534,0.33003634908287127,0,-0.0,7.5244549857867185
2548,0.34811332421803726,0,2.095252564623846,6.030439214914708
2562,0.314307259844291,0,2.147585428298503,5.411194679620422
2576,0.3516081871345029,0,-0.0,7.270892030217311
2590,0.34820927516479827,0,-0.0,7.0565081323160825
2604,0.3472222222222222,0,-0.0,7.0565081323160825
2618,0.375,0,-0.0,6.387591735801209
2632,0.3053203317397158,0,0.6986943829834713,6.936039774367629
2646,0.15462075199197975,0,-0.0,6.347860682782169
2660,0.36884564217540505,0,-0.0,11.932740711354512
2674,0.3885895131232746,0,0.6986943829834713,9.157355427630705
2688,0.37470062423438577,0,0.6986943829834713,9.50174562535932
2702,0.3001606094228507,0,-0.0,8.628214371929516
14,0.28838741696039283,1,-1.380354073444452,17.724044138153147
28,0.2809906257326875,1,0.6820603931726519,13.365036052297967
42,0.1923836682535458,1,0.7161599454704085,9.938544326114169
56,0.14552704930989796,1,3.01278750418334,10.550837247690254
70,0.19532057504116007,1,5.2623953995951185,10.13269234160552
84,0.1503808622181118,1,6.753574035530993,10.949630066876978
98,0.15866998614364564,1,7.399594659887109,9.43137290638279
112,0.15430708359547207,1,9.833563964207116,11.252629034963235
126,0.17250762077498816,1,12.4499965078066,11.01958676992004
140,0.2273395792987442,1,11.996899307923579,11.98004386261917
154,0.2603311391202433,1,11.996899307923579,12.32748360272862
168,0.2516401826003761,1,13.045637062948602,12.37207730229943
182,0.22677546758390227,1,13.360218444764483,13.198562608446622
196,0.177701319443047,1,13.671307132195835,16.439697494487632
210,0.15186501782923711,1,14.93141717813755,10.943398076409693
224,0.1273516074164383,1,13.671307132195835,15.555277434959095
238,0.2223818924775417,1,10.43747535111818,25.67858849595123
252,0.24352005966943438,1,15.751173663453025,25.168045809686532
266,0.2825176766039237,1,14.381394591090602,26.219648883507432
280,0.28840465107674906,1,9.574227885091823,13.66560984484596
294,0.27960740084830565,1,6.340191745909909,10.952936809855174
308,0.19164013906891408,1,6.581944655178011,10.021125837706279
322,0.1936001268245912,1,7.037940763184669,11.710190816189169
336,0.20628828735734656,1,7.305759533310824,10.855796056135688
350,0.18554308546434606,1,8.226722464108173,12.602215827950147
364,0.20742644367355045,1,9.117862753795789,11.802226247779657
378,0.23828738979215036,1,8.325650330426836,14.878534867714109
392,0.2513493175962056,1,7.640406761026755,15.843484587451059
406,0.16487958378365286,1,8.74616226255521,13.696606353727788
420,0.14608972066109754,1,9.22988624372772,17.47761928047251
434,0.16818046780873133,1,8.027237510431954,22.47131291159269
448,0.16740387072105195,1,9.117862753795789,21.559943966114673
462,0.20798246423146616,1,7.21426203920676,16.72668411570089
476,0.2258267069964444,1,6.26349061433454,16.194233307532045
490,0.2004400906743949,1,5.572197803963796,13.649432409446433
504,0.19799352558425926,1,4.134671373736423,13.469704508262453
518,0.29187468630713387,1,2.7591076586202736,12.877397440798887
532,0.33194288585358067,1,2.726310993906266,15.05065903267473
546,0.3000403088588967,1,2.070030653041098,13.053506181589484
560,0.29386387840808764,1,0.6986943829834713,11.526397202598645
574,0.2657027552943214,1,-0.0,12.71370847423563
588,0.25827205882352944,1,-0.0,11.229728529570878
602,0.22794117647058823,1,-0.0,10.892028638855976
616,0.202704627669473,1,-1.4320961841646465,9.546859694431163
630,0.24425129671540813,1,-2.147585428298503,12.62250327638256
644,0.12817744591137895,1,-4.289153328819018,12.296208987879822
658,0.1505557240836351,1,-5.128191041852839,12.22363473827312
672,0.14511660662252918,1,-6.753574035530993,13.178470757398316
686,0.15189246585368477,1,-7.594643368591445,15.78468869033091
700,0.31809652391654275,1,-12.994616791916506,17.000178766455548
714,0.21266938295502025,1,-7.800187884181699,15.993536396563655
728,0.17374283461008339,1,-7.800187884181699,22.26181640322818
742,0.13679904406387983,1,-6.254032743916468,22.766991754658306
770,0.30135192922800913,1,-7.037940763184669,29.85044798639501
784,0.3184038102546891,1,-6.869992308214258,17.8758419969744
798,0.3007668269788244,1,-6.952957468173915,12.960056153206352
812,0.3149749137349219,1,-5.572197803963796,10.88626042154786
826,0.3724835616813371,1,-2.070030653041098,10.551100752426578
840,0.2980194088560818,1,-0.7073193685442565,10.739980701311481
854,0.21041666666666667,1,-1.4320961841646465,7.943673106426388
868,0.13927673042402,1,-6.581944655178011,5.239512034013529
882,0.3296601013696564,1,-9.00850374202516,10.1023558135783
896,0.24396338058559947,1,-13.690049617465514,7.855909933018836
910,0.2815973327032991,1,-13.690049617465514,8.00383788220904
924,0.28469539309626424,1,-16.837472625676387,7.896834505399738
938,0.20093370646605035,1,-17.744671625056935,7.344225243598629
952,0.16438667015695657,1,-19.604088150829433,5.749931102639209
966,0.15517432806361248,1,-20.820892853310824,8.236548138852385
980,0.2954203957858925,1,-21.665958723290224,8.174362209324329
994,0.27766103552622934,1,-22.067899562410222,8.897746196213518
1008,0.22267144503650177,1,-22.619864948040426,9.667652466882089
1022,0.19647862265472354,1,-24.507405230129713,7.507438159994564
1036,0.17805659222122805,1,-27.235146699302522,6.9789591758204494
1050,0.16664240342156728,1,-26.231939933156628,8.700870528018186
1064,0.24281812883804796,1,-27.198127948509118,10.265176440569007
1078,0.3420777201847689,1,-24.443954780416536,11.985676474055651
1092,0.23751396065941663,1,-26.896236965493376,10.210510053819917
1106,0.26785714285714285,1,-27.859650695242273,12.081572645931061
1120,0.18035401285311883,1,-27.89727103094763,9.481634999114931
1134,0.17353789178196416,1,-28.55139187296019,10.214576045519692
1148,0.3157155659514562,1,-27.198127948509118,11.870249355684592
1162,0.17897166160288547,1,-27.859650695242273,9.737196194535443
1176,0.187703485196619,1,-28.201628218694708,12.259970594348431
1190,0.21473580757501393,1,-28.610459665965216,10.951933456547835
1204,0.2052884060551388,1,-27.235146699302522,9.681473991145225
1218,0.17860819137912987,1,-25.559965171823812,14.928443293103356
1232,0.22324525259365746,1,-28.201628218694708,14.659593259092986
1246,0.2468829225955239,1,-27.525225743744333,11.568335475614276
1260,0.19039995793697073,1,-28.779806304397216,15.806399851458224
1274,0.21164846985245372,1,-25.906507999514385,15.931633340583176
1288,0.21164846985245372,1,-26.886934192476716,15.37269510814329
1302,0.2316935077802837,1,-25.201123645475075,11.810957195464994
1316,0.37223725885065084,1,-19.093492000485615,13.29075017503095
1330,0.2005826746955581,1,-6.666659890901365,9.304454300332992
1344,0.33396782753005044,1,-0.0,12.575824347219395
1358,0.37368741636749514,1,-0.0,13.124668901661266
1372,0.3324370272898706,1,-0.0,11.937411995997593
1386,0.14040077609446666,1,-0.7638984609299951,6.787518882661885
1400,0.2257832684166044,1,-0.7345210342548154,6.861689972135196
1414,0.16648209648805073,1,-0.7742201649280623,7.145054002608219
1428,0.3449388302971256,1,-0.0,8.90796411666031
1442,0.3033088235294118,1,-0.0,8.495945895960688
1456,0.1829272789403783,1,-0.0,4.9821997440354835
1470,0.12033402048651301,1,-0.0,5.2925001810010315
1484,0.13265797701804616,1,0.8069294551023743,4.0419898529608815
1498,0.11798981854882834,1,-0.0,2.6032926585472183
1512,0.11005445268421898,1,-0.0,0.42136484707558
1526,0.20714285714285713,1,-0.0,4.900135899194964
1540,0.2583333333333333,1,-0.0,4.280806036992146
1554,0.24944628946415226,1,-0.0,2.9264896679797516
1568,0.16451064922116476,1,-0.0,0.5962790250576688
1582,0.10687057498186447,1,1.6846843178962914,0.19571980148398893
1596,0.15610670553942785,1,0.8680514497455425,3.130937877841518
1610,0.26785714285714285,1,-0.0,3.1092111132912237
1624,0.15219044716563787,1,0.9093804491991414,2.936427203390423
1638,0.1572514878549663,1,0.8951737102110744,2.658959071535236
1652,0.1572514878549663,1,0.8680514497455425,4.168513006661101
1666,0.2221876054699627,1,-0.8680514497455425,1.0709353887464204
1680,0.1527250910117076,1,0.8425242607404146,5.2739458644802255
1694,0.16827355643519804,1,0.8951737102110744,8.762392141794948
1708,0.16384890445419648,1,3.5214533769222385,11.942497670948427
1722,0.2986841851023952,1,4.763641690726177,2.4455322369250325
1736,0.31189143077590264,1,1.5074357587749678,6.8617534909410836
1750,0.2516763517958838,1,2.260501911141272,6.645793266208784
1764,0.34625010001467316,1,3.715289105428768,8.559626611244937
1778,0.33481274053624577,1,2.935673446421173,10.509529126807138
1792,0.34983675924134383,1,2.8985767992817095,10.322372184224292
1806,0.3003857209616068,1,5.332158881659557,7.658843274958855
1820,0.3181006997585972,1,5.931526924919764,9.141219773621629
1834,0.2689872511704065,1,8.343891584033095,7.663842091509906
1848,0.25512584301107416,1,9.96380418990718,8.73029523407061
1862,0.2277547240600699,1,11.458752345877201,7.592749640691636
1876,0.20123691201574156,1,12.36249241571431,7.16194895045146
1890,0.2190245867656139,1,14.782726042615675,7.881077820969807
1904,0.22484069943458662,1,15.945395900922856,7.194697864622668
1918,0.22240642067629024,1,16.26020470831196,11.376074467547738
1932,0.18347298122370698,1,15.84308211768701,19.877265496023597
1946,0.18285142530973975,1,13.431028870681669,14.558416988873716
1960,0.1378826960605769,1,17.487997376148545,15.559726350250628
1974,0.19268997514750563,1,15.18583726220132,14.483323966580713
1988,0.11565780218970435,1,15.945395900922856,27.833862863268564
2002,0.20447908312065768,1,16.059987307160643,29.74294743019098
2016,0.16805477378804928,1,21.370622269343187,22.425949234466515
2030,0.16010695599321023,1,20.46227152342221,18.677488172423722
2044,0.152070806385816,1,26.927677851040503,20.157077284482625
2058,0.1537024734870438,1,29.054604099077146,17.861333091834467
2072,0.1703521026539222,1,29.445428729925602,16.495768984462927
2086,0.1771839593496144,1,30.96375653207352,12.559267733222441
2100,0.23681878780216983,1,26.91655461695134,15.45092449942851
2114,0.27025471737338547,1,24.928474135461276,14.51218778437405
2128,0.10610748660748218,1,18.43494882292201,17.813874486697415
2142,0.25041117842341404,1,9.344671902099687,18.057320222337523
2156,0.2600852371490471,1,2.1747441146100535,12.838104439018565
2170,0.3507472326406935,1,-0.7161599454704085,18.558807190825945
2184,0.35749055628977944,1,-1.4878675288277792,11.517256168591189
2198,0.2651077161595173,1,-1.4688007143858246,14.001723903876723
2212,0.20495430626357874,1,-2.973731082480109,11.686782378178776
2226,0.2692248771961598,1,-0.725224299059252,11.228750858270445
2240,0.22604166666666667,1,-0.0,11.462665102551938
2254,0.209375,1,-0.0,10.009058310501871
2268,0.22604166666666667,1,-0.0,9.126569570138628
2282,0.2827971798998873,1,-0.0,11.329821744828735
2296,0.2,1,-0.0,8.287646960445443
2310,0.19606410422579185,1,0.7345210342548154,9.325014221698666
2324,0.202704627669473,1,1.4878675288277792,8.737414564482549
2338,0.14981542982138407,1,0.7538483330707669,9.301317082541317
2352,0.1638368416079531,1,0.7440592028887096,8.559136262453222
2366,0.14981542982138407,1,0.7538483330707669,9.12385736042475
2380,0.16130619102730898,1,0.7538483330707669,9.497123122845949
2394,0.15950357507856963,1,1.5074357587749678,7.44393043213276
2408,0.12889729667895447,1,1.5074357587749678,7.272785119522609
2422,0.15587950003910536,1,0.7440592028887096,7.8406633709508355
2436,0.13303802104754786,1,1.5074357587749678,6.950187144581918
2450,0.1369637731174565,1,1.5074357587749678,7.487196712593544
2464,0.1691807338341792,1,0.7638984609299951,9.199717688004455
2478,0.18067748536344866,1,0.7345210342548154,8.41951721700002
2492,0.17060113295832982,1,1.4688007143858246,10.351309096505702
2506,0.17060113295832982,1,1.4878675288277792,8.734550844866703
2520,0.16522498930703222,1,1.5074357587749678,10.136301833361017
2534,0.1444918682177496,1,1.5074357587749678,9.638160381306449
2548,0.17172285769397566,1,0.7538483330707669,12.798561421471618
2562,0.12487828615518054,1,0.7538483330707669,15.867116040773539
2576,0.12487828615518054,1,0.7345210342548154,19.894003833814793
2590,0.13208388771595667,1,-0.6986943829834713,25.641175963075455
2632,0.24187518546140474,1,0.7073193685442565,23.0022470827071
2646,0.24220061621330174,1,1.3971810272963767,14.63294938589334
2660,0.25710951348683164,1,0.7161599454704085,9.245747764043415
2674,0.2285772551067976,1,-0.0,8.876824593166702
2688,0.21250634823001927,1,-1.5074357587749678,5.681116862212207
2702,0.18816686343397931,1,-0.7742201649280623,0.808036237595644
2716,0.12845319026967808,1,-2.3859440303888126,3.0549324513099805
2730,0.13967486925450612,1,-3.2704879231835657,1.8438676341613984
2744,0.1550472403821585,1,-6.4287477488298554,1.1432628467235872
2758,0.13684699581281562,1,-10.520784313874362,1.6778190597615037
2772,0.17136115507426286,1,-13.240519915187205,3.02753740063838
2786,0.1562132665395177,1,-16.927513064147043,3.4177881069369107
2800,0.2463175520659377,1,-20.92450174492117,9.914402210730117
2814,0.2526178842160116,1,-27.552811576717797,13.502175304456557
2828,0.1494747289282753,1,-21.0923395058275,8.958879524524036
2842,0.23063854694969466,1,-12.608606793366237,8.864474233992553
2856,0.2589540545820993,1,-5.128191041852839,7.656240677172178
2870,0.2414082684166044,1,-0.7538483330707669,9.325398966919693
2884,0.1492306232002264,1,3.865461169851747,8.074446211216042
2898,0.14467563337928518,1,8.686354581236653,7.015603709438693
2912,0.1459177828181781,1,13.465208094811706,5.969777079087265
2926,0.17062941395730963,1,17.927919762007235,7.47984470115972
2940,0.17981295303250222,1,21.2092261342228,3.7235305064866964
2954,0.1511440787653351,1,23.62937773065682,5.30694277838063
2968,0.26318597682772393,1,22.68055960702492,11.872374552267587
2996,0.3425416086334325,1,29.134292197226177,3.443565272163511
3010,0.2966222380717855,1,17.447188423282203,11.397412433639829
3024,0.16575108821160364,1,6.753574035530993,12.49153095317962
3038,0.17797285769397567,1,-0.7161599454704085,17.344810021655547
3052,0.08125,1,-0.0,21.070833471252826
3066,0.0915370968748187,1,0.7638984609299951,21.44931398385907
3080,0.09667297250921585,1,-0.0,18.215408183511954
3094,0.1201019541575989,1,-2.3215305898327188,18.19637772185405
3108,0.10069000996273908,1,-0.7538483330707669,13.203008881276702
3122,0.11095766165448501,1,-1.5911402711945875,9.519621988596498
3136,0.12347777118267364,1,-0.7848246029918882,7.890675101964007
3150,0.15265146715656713,1,-0.8184554616886143,5.066644393516697
3164,0.1339508586117954,1,-0.8425242607404146,0.49564512800597527
3178,0.17692085320267442,1,-0.0,13.480439098332766
3192,0.1847365365615385,1,0.8550973962667232,12.000148379633913
3206,0.19441232589105129,1,0.8303154862580109,4.94019921755546
3220,0.14616251485493248,1,-0.8303154862580109,8.628271964649883
3234,0.10302516739469464,1,-5.792796495032159,11.017315755195739
3248,0.14018984073386623,1,-8.130102354155978,11.41502010776162
3262,0.1503356465477098,1,-5.6306827576352605,9.924602731801684
3276,0.1952589226301829,1,-3.9724959407506595,11.374732604337368
3290,0.31284059813639786,1,-4.573921259900861,16.4145754034771
3304,0.329311886394001,1,-2.2906100426385296,16.36448487251087
3318,0.2850528674387857,1,0.7638984609299951,15.803178597451478
3332,0.3239683859095393,1,-0.0,16.808261704214715
3346,0.2860997621060549,1,0.7073193685442565,19.641270551791365
3360,0.20915351578566088,1,0.7161599454704085,16.402969364879738
3374,0.2885228713023916,1,0.6902771978650786,19.370904765503013
3388,0.33082328793048066,1,-0.0,18.749322185099402
3402,0.33049698554173,1,-0.0,21.627218231176357
3416,0.2555234025964357,1,0.6986943829834713,17.367635741248165
3430,0.20544265135221002,1,0.6986943829834713,15.338937206502692
3444,0.16397240050084588,1,0.7161599454704085,12.750544897673137
3458,0.19375,1,1.4688007143858246,14.252382581341493
3472,0.15625,1,1.4688007143858246,15.499991051565473
3486,0.171875,1,1.3971810272963767,16.487408291431734
14,0.2609318561442463,1,-0.98776039963981,3.6206965498317345
28,0.2940282860276462,1,-1.9749340108819768,4.50383979260323
42,0.270329589744045,1,-0.98776039963981,4.50383979260323
56,0.25250554610077625,1,-1.9091524329963763,4.50383979260323
70,0.24004474832710554,1,-0.9548412538721887,4.528640873208019
84,0.27954846279233475,1,-1.9091524329963763,4.528640873208019
98,0.25250554610077625,1,-1.9749340108819768,4.528640873208019
112,0.31530507762765453,1,-0.98776039963981,4.096255561071445
126,0.2834375555744074,1,-0.98776039963981,2.7975423787523255
140,0.2816369523971112,1,-0.98776039963981,3.5654374395585933
154,0.2261133642884431,1,-0.98776039963981,3.966950287015152
168,0.17358122589625852,1,-0.0,4.0120063363603435
182,0.15843755557440742,1,-0.0,1.7398972489625635
196,0.19968574347461648,1,-0.0,1.3732802255520369
210,0.2169765323703231,1,-0.0,1.8122463820440942
224,0.15094728938562887,1,-0.0,2.13231731191442
238,0.17358122589625852,1,-0.0,3.7467059098453888
252,0.17892437351118148,1,-0.0,1.0333389390075922
266,0.15843755557440742,1,-0.0,4.0120063363603435
280,0.1444622975121812,1,-0.0,4.771209629401028
294,0.2169765323703231,1,-0.0,2.9335442942064844
308,0.2545199167862724,1,-0.9710219310791666,3.702657547627979
322,0.2511882344483932,1,-0.9548412538721887,3.7105522370314077
336,0.27994497435942955,1,-0.9548412538721887,5.662996300126537
350,0.44383064661794003,1,-1.9091524329963763,7.625786123428725
364,0.39190501324837057,1,-0.93919094573558,8.593690794260226
378,0.42760578319914144,1,-1.8183029644518331,8.996101554248241
392,0.3141072834837598,1,-0.9548412538721887,7.5045297349617215
406,0.17358122589625852,1,-1.9749340108819768,4.347690635676571
420,0.32646992084639714,1,-0.9548412538721887,6.698831927655078
434,0.4274822999274579,1,-1.8476102659945959,9.948769838072735
448,0.3095995942351004,1,-0.93919094573558,7.22411247544602
462,0.3269230769230769,1,-0.0,6.651308705496774
476,0.2382045834169736,1,-0.9548412538721887,7.257689624783239
490,0.17892437351118148,1,-0.0,6.272676841680152
504,0.34230829027729104,1,-1.9091524329963763,8.419197096772905
518,0.3205128205128205,1,-1.9091524329963763,7.947082578575987
532,0.2908289543388012,1,-0.0,10.104035120990602
546,0.3451342449813167,1,5.710593137499643,6.657713463026425
560,0.34221509001647743,1,7.594643368591445,7.103476784700007
574,0.27426135961902265,1,10.388857815469612,7.437992696512055
588,0.3167056797550888,1,12.225122675735753,5.957306729213656
602,0.3167056797550888,1,14.500166766552566,6.748009434425683
616,0.28048288057185233,1,13.570434385161487,7.6478121367223935
630,0.33603523477651676,1,11.689369175439191,5.39539582439582
644,0.2976533764404059,1,13.570434385161487,6.9280913538093785
658,0.2728839008483906,1,13.570434385161487,5.988356967312427
672,0.3264092625297677,1,14.93141717813755,5.944804575107554
686,0.2894943101208992,1,14.743562836470735,5.811627826315657
700,0.2629133048808032,1,16.886791123944043,2.795666589065803
714,0.23755015447171268,1,18.741340445192723,5.46124268046421
728,0.24685334558924898,1,20.224859431168078,4.793500754772623
742,0.2737883410732672,1,22.328656378019147,7.510192444484602
756,0.2630474200899395,1,23.962488974578182,5.460809430290283
770,0.2562159909989308,1,24.057349450011735,7.093138917067137
784,0.28137856129693384,1,26.131000544938583,3.5290391763403477
798,0.300477308029206,1,27.4075754378184,4.984103596288861
812,0.357137701305108,1,25.301378625419723,8.949716525354376
826,0.29752264731422007,1,25.346175941946694,7.370365665295452
840,0.18839977488062196,1,25.253163394573882,5.631157474972355
854,0.2506193940646022,1,20.556045219583464,10.449357259270016
868,0.262010916127033,1,21.25050550713324,10.578602680575358
882,0.2668773325433225,1,20.897765498838858,10.236918950427565
896,0.2545863344977492,1,23.574706201912615,7.5238670349213805
910,0.21685859516677614,1,24.904768808095184,7.7102944788410355
924,0.19146553443879888,1,26.146841235580894,6.200646416224288
938,0.23606982356650186,1,24.519642688190764,8.10673847510148
952,0.33557711711855587,1,25.74070835623284,5.501235231984452
966,0.28003305355098373,1,24.904768808095184,7.7858695136392555
980,0.2793493298160574,1,25.301378625419723,7.350123920815491
994,0.21442728884663598,1,26.56505117707799,6.23550401719524
1008,0.25537923605753454,1,26.146841235580894,4.39516789441825
1022,0.24737171953398152,1,25.74070835623284,7.109639324883034
1036,0.25514759478756655,1,23.574706201912615,4.594941757792583
1050,0.30884548924679583,1,21.25050550713324,6.92766088331669
1064,0.2600858067395748,1,17.81888891452278,5.597968757280711
1078,0.2738811082572111,1,10.738897100905442,8.140096051162345
1092,0.264184403650619,1,2.9108378261677537,6.398333966263806
1106,0.30209169405307534,1,-1.8778774472853594,8.154363928241168
1120,0.2904324427717064,1,-4.844000375080679,10.02389690852587
1134,0.24180458009764066,1,-5.806726905531578,5.237386653850251
1148,0.23425464739904212,1,-9.619727799698852,9.012273134222824
1162,0.3139137490706142,1,-15.42216131873867,9.434862490304425
1176,0.24945356199385843,1,-17.81888891452278,7.858180634683123
1190,0.27047386947905694,1,-19.90374953730784,10.866755244904397
1204,0.26030111290893726,1,-22.83365417791754,9.017884852808038
1218,0.2930759325727546,1,-28.23744553816726,6.211874573747679
1232,0.316857747494567,1,-27.377702771331727,11.928600001791352
1246,0.28656236524597356,1,-31.723602957684026,11.826619852140567
1260,0.27903970628161123,1,-34.41836447905621,4.86101762102146
1274,0.3283244224238583,1,-34.186122486375034,10.337971757944473
1288,0.3434615660123552,1,-32.39984017391932,11.133366580219416
1302,0.38920265490374006,1,-32.19573393471325,10.148148921851714
1316,0.3408492375194442,1,-21.336859291805656,12.467854649955711
1330,0.3673664692866426,1,-24.962789830807015,9.08029437799658
1344,0.3736241582832009,1,-24.145541960421657,8.517641115289024
1358,0.3278340725532808,1,-27.34987578006988,8.162570501010492
1372,0.24466884404904982,1,-27.34987578006988,7.931490299687056
1386,0.25173774870292853,1,-29.859016164923098,6.674276621224209
1400,0.23718226737350123,1,-28.12373538328881,6.945007322241878
1414,0.23623243389565562,1,-28.12373538328881,11.370331561599187
1428,0.23991889704513408,1,-28.967660646064033,6.071161681128842
1442,0.28097178539614404,1,-30.650667957052868,5.056130511890501
1456,0.2576640022709169,1,-29.744881296942225,9.602924521817698
1470,0.23107462558018477,1,-28.53998518795997,5.959098223497648
1484,0.30119478289118523,1,-27.377702771331727,6.189897318612651
1498,0.24403974647902513,1,-28.17859010995917,9.451495782279324
1512,0.29101885112499415,1,-26.965714432870147,7.4940663516022425
1526,0.2839045362157369,1,-27.377702771331727,7.492954083280296
1540,0.2691058388142318,1,-28.610459665965216,5.959258397220395
1554,0.25674368880778586,1,-28.17859010995917,5.621943423941474
1568,0.2614918046827526,1,-27.377702771331727,7.835101096830471
1582,0.2647995176567678,1,-27.377702771331727,7.170415195601606
1596,0.3047223072517406,1,-26.56505117707799,8.696014918869167
1610,0.30504456509777994,1,-28.17859010995917,8.701934149914877
1624,0.2998424549429214,1,-27.377702771331727,7.784083215156983
1638,0.3028836401984814,1,-27.80145877993413,8.57036175203234
1652,0.2897111015190188,1,-27.377702771331727,11.301196917383066
1666,0.3235736062580124,1,-21.297354049033757,12.100913494091486
1680,0.319483957476954,1,-3.8140748342903548,9.933979124482647
1694,0.3224201070556132,1,2.9108378261677537,10.118560939095346
1708,0.3267606841539273,1,3.8140748342903548,8.77545657205016
1722,0.2992263311028074,1,2.96093613416375,6.57092904614629
1736,0.319483957476954,1,1.9091524329963763,10.764990283058808
1750,0.29634025382197315,1,0.9548412538721887,10.469765057943533
1764,0.2817114149937722,1,0.9548412538721887,10.129133234885643
1778,0.2814755750920953,1,0.9548412538721887,9.74222132071921
1792,0.26398961375596935,1,0.9710219310791666,9.868072509706138
1806,0.1900927594762251,1,0.9548412538721887,9.016747481125492
1820,0.1871401831505083,1,0.9548412538721887,8.496380687744931
1834,0.1951367322083228,1,1.9091524329963763,4.423677215556978
1848,0.2608036190637778,1,0.98776039963981,3.148739199824604
1862,0.20797351648384163,1,2.8624052261117474,3.6022347830806893
1876,0.19973572589606686,1,4.0141756954110255,3.5384486062443443
1932,0.15722135954999578,1,4.085616779974877,0.6538771796196272
1988,0.339167882784403,1,1.0230301886678357,2.1649713294127935
2002,0.13498384885688258,1,0.98776039963981,1.513150443948632
2016,0.13464478966530286,1,0.98776039963981,1.2025035876585832
2030,0.18525710559251432,1,0.98776039963981,3.1508599979401026
2044,0.15159960558051172,1,1.005086005254181,0.3286722312447239
2058,0.13018591942219387,1,-0.0,2.6161253130156013
2072,0.16609095970747995,1,-0.0,7.10281590792539
2086,0.14490435050971123,1,-0.0,1.0320996228576291
2100,0.18266793402112874,1,1.0230301886678357,3.6943367015019533
2114,0.17692085320267442,1,-0.0,4.221860581720193
2128,0.17892437351118148,1,2.0454084888872277,0.28470876687228497
2142,0.2037054285956667,1,2.1210963966614536,1.3093842504531494
2156,0.19438090603375388,1,1.101706115206375,1.316952685796224
2240,0.1425295987976381,1,-0.0,7.1220365768695615
2254,0.17892437351118148,1,-0.0,7.32919812378978
2268,0.18107149208503706,1,-0.0,0.4109429662271964
2282,0.23961046888095278,1,-0.0,0.43624108912842985
2296,0.2940282860276462,1,-0.0,4.996494495496989
2310,0.3150647005337013,1,-0.0,10.287529395812129
2324,0.29588709774529337,1,-0.0,12.461776602097046
2338,0.32646992084639714,1,-0.9240453527727062,12.871871580234
2352,0.2591836043959945,1,-0.9548412538721887,11.577689074714641
2366,0.3096065674928906,1,-0.93919094573558,13.975610930242112
2380,0.348058067569092,1,-0.0,12.934805931436358
2394,0.2720024342687899,1,-0.9240453527727062,15.155268869813256
2408,0.287152140764131,1,-0.93919094573558,12.388961491721744
2422,0.17239214581822038,1,-0.9240453527727062,14.74040702705878
2436,0.19801921238728856,1,0.8680514497455425,18.071805285404423
2450,0.1302679274561656,1,-2.6025622024998065,23.470436922626646
2464,0.2756188385090477,1,-0.0,19.765122817772607
2478,0.3053205177714485,1,-0.0,30.234453326102425
2492,0.3318888881644356,1,0.8184554616886143,19.175067540428074
2506,0.2739908500718435,1,3.224522606519908,31.94173534130917
2534,0.35672713454095256,1,-0.0,28.41858319572077
2548,0.29863810217983267,1,-0.0,19.829776048325698
2562,0.27779505907595925,1,-0.0,24.386263520487432
2576,0.26026597904166693,1,-0.0,24.25704009023039
2590,0.31576633692402545,1,0.8184554616886143,24.02425404246202
2604,0.3119931936170002,1,-0.0,19.164557924774613
2618,0.30064006702429674,1,-0.0,19.06921202718783
2632,0.37136244887080105,1,-0.8184554616886143,23.417611920529055
2646,0.2341516540898384,1,1.6602823689828055,17.201790604872542
2660,0.1859385459749166,1,0.7848246029918882,22.49346651387836
2674,0.2954041231465828,1,3.3177811683348435,10.747751110800323
2688,0.2528233327122694,1,1.6135389328811822,31.002067158127346
2758,0.24972771783900732,1,0.8425242607404146,20.077199752700665
2772,0.38407244567046767,1,-1.6135389328811822,19.715862452628244
2786,0.26071672882801833,1,-0.8951737102110744,11.882348174065498
2800,0.28846153846153844,1,-1.8476102659945959,9.857757099680697
2814,0.2519639310523777,1,-0.9240453527727062,7.288185999549853
2828,0.369656252677124,1,-0.0,5.573978235717874
2842,0.31142054945152486,1,-0.0,1.5303622063538
2982,0.2502426932815439,1,12.308015817427925,8.521877097478324
2996,0.21217500145239654,1,21.99112991717713,4.293591294277746
3038,0.21705828960009543,1,28.7676493388438,7.170137795583486
3052,0.19777994528111587,1,27.030860259842985,7.449233970780881
3262,0.21611993357622813,1,-15.037815903582251,19.32782393907496
3276,0.2834198353563444,1,-16.059987307160643,23.880455452463877
3290,0.2593709624716425,1,-22.13549187810035,12.574993639099631
3304,0.2566627625315935,1,-24.590117166196013,10.207229620351
3318,0.2646326191189561,1,-24.22774531795417,12.703908377613317
3332,0.25584641248330403,1,-25.346175941946694,12.555642142488495
3346,0.28366090507470976,1,-25.346175941946694,10.311560460173297
3360,0.2565261792540652,1,-26.965714432870147,7.746237644282303
3374,0.28495387560457514,1,-27.80145877993413,5.435477742180922
3388,0.29140415365426253,1,-27.377702771331727,7.868380581243315
3402,0.30076588120900494,1,-26.980230718222852,3.594381014268947
3416,0.2837591849247426,1,-23.68208772453845,4.269735086898692
3430,0.2583939353172708,1,-19.33480853782641,1.9807929693268136
3444,0.2842280227737709,1,-19.98310652189998,0.08554870411879278
3458,0.2723811600730932,1,-19.384515679357836,0.5093793304561132
3500,0.2052231770984721,1,-7.125016348901798,3.8391766925780644
3514,0.22837506959778492,1,-2.0454084888872277,4.079409654965843
3528,0.23961296810771548,1,-0.0,2.271271756821676
3542,0.2529373263201663,1,0.9710219310791666,1.8623668662805812
3556,0.2834329909684644,1,-0.9548412538721887,7.67684981177959
3570,0.3020469030567499,1,-0.0,9.032161248683451
3584,0.2635607972189381,1,-0.0,11.039229193511147
3598,0.18231548903478512,1,-0.9548412538721887,10.1251137158917
3612,0.3584084665633732,1,-0.8814039965821379,15.045556060575308
3626,0.37769437559367136,1,-0.8814039965821379,13.73970163243186
3640,0.4158566890891237,1,-1.7899106082460694,12.387888057678538
3654,0.38315949282316886,1,-1.7899106082460694,12.049806569850517
3668,0.3950966335255047,1,-1.7899106082460694,14.714833403878771
3682,0.22571341461048788,1,-0.9710219310791666,9.58123012789764
3696,0.1455654098237139,1,-1.8476102659945959,10.734895545284104
3710,0.22569361495191903,1,-1.9091524329963763,10.461351430170936
3724,0.1810897435897436,1,-1.9091524329963763,11.252581639614704
3738,0.1875,1,-1.8476102659945959,11.252581639614704
3752,0.20149129670368687,1,-0.9240453527727062,10.777984325214703
3766,0.2403846153846154,1,-0.0,10.976638123230885
3780,0.2692307692307693,1,-0.0,11.699101297223109
3794,0.29861058324608936,1,-0.9093804491991414,11.283393056386444
3808,0.2904324427717064,1,-0.9093804491991414,10.74095684343348
3822,0.2904324427717064,1,-0.9093804491991414,10.74095684343348
3836,0.3072391516156279,1,-0.9240453527727062,10.74095684343348
3850,0.20308142020502842,1,-0.93919094573558,10.626516079205487
3864,0.3269230769230769,1,-1.8476102659945959,10.569907741715355
14,0.2422000218191138,0,-1.5074357587749678,1.2313712751515027
28,0.20894051655722684,0,-0.0,1.848827278383311
42,0.19269021930103425,0,-0.7742201649280623,3.064318059688958
56,0.21081544142047348,0,-0.7848246029918882,6.6239505988791905
70,0.23281653683320877,0,-1.5911402711945875,2.04318518520779
84,0.24109060589544629,0,-0.0,7.905390766261775
98,0.20697948295312119,0,-0.8069294551023743,9.630475693195223
112,0.22359150064487607,0,-0.795723552739274,10.035208581755228
126,0.234732425903185,0,-0.8069294551023743,6.9694902094705355
140,0.234732425903185,0,-0.8069294551023743,7.797035867009754
154,0.3056134890664427,0,-0.0,10.88343289155236
168,0.3056134890664427,0,-0.0,9.846426004551233
182,0.3059177736784914,0,-0.795723552739274,2.795279236063976
196,0.3359148048696614,0,-0.795723552739274,6.25576013169146
210,0.316334440345158,0,-0.795723552739274,5.246301219726973
224,0.3103058624727967,0,-0.795723552739274,8.56457549032487
238,0.2496823374788419,0,-0.8184554616886143,8.873143301056075
252,0.21812040821143008,0,-0.7848246029918882,5.269492790085309
266,0.2809761438491562,0,-0.7742201649280623,3.263337221513268
280,0.32941816453590966,0,-0.0,4.543854703378997
294,0.36397058823529416,0,-0.0,3.347010840378317
308,0.3499110650315523,0,-0.0,6.254125739224037
322,0.3649592303903207,0,-0.7440592028887096,10.236034209037484
336,0.33431649349275716,0,-0.0,10.753707408425242
350,0.3547621232692877,0,-0.0,12.44356052996784
364,0.16711767359383095,0,-0.0,6.5042161371872
378,0.3514937206826859,0,-0.7345210342548154,11.634494744874416
392,0.33487094391105454,0,-0.0,11.865488372466643
406,0.2996955036489307,0,0.725224299059252,10.962354430646911
420,0.3813225435498627,0,0.725224299059252,11.301869912219672
434,0.34402839967506227,0,2.1747441146100535,14.477198766229236
448,0.3684568485931491,0,2.2025981617658057,12.18580117914695
462,0.4120751730231531,0,0.7440592028887096,11.04706405972496
476,0.3803153874093893,0,1.4502162909334284,11.845735244091003
490,0.39740002246235645,0,0.7345210342548154,11.715736480780095
504,0.3803153874093893,0,-0.0,11.768563216963031
518,0.39491348903908374,0,-0.7345210342548154,10.479724753655603
532,0.39491348903908374,0,-0.7345210342548154,12.3809001274482
546,0.38121876371522234,0,-0.0,12.061630641682882
560,0.33414033532242243,0,0.7440592028887096,11.688849948847661
574,0.24476009376029437,0,-0.0,7.0759052438487515
588,0.22604166666666667,0,1.548157698977968,8.900263988000262
602,0.2603850937602944,0,1.548157698977968,9.173619795422212
616,0.2258286674382326,0,0.7742201649280623,8.858761141439004
630,0.20915351578566088,0,2.260501911141272,11.13068511226166
644,0.25,0,1.5074357587749678,8.953782427060219
658,0.23603796100280633,0,1.548157698977968,10.293509350435727
672,0.23577956275274403,0,0.7742201649280623,10.008955169483443
686,0.2583333333333333,0,1.548157698977968,8.760749180000289
700,0.290625,0,1.5074357587749678,9.567584279989546
714,0.33062510001467316,0,0.7440592028887096,10.084629357555485
728,0.3152840491648701,0,0.7440592028887096,9.573815353809891
742,0.30609287269428187,0,0.7440592028887096,11.384968826117216
756,0.3152840491648701,0,0.7440592028887096,10.45021322075499
770,0.3547621232692877,0,-0.0,12.378445764117231
784,0.414184087866598,0,-0.0,11.264108023399785
798,0.4131407764644961,0,-0.0,11.29395082265276
812,0.3839514498668919,0,1.4502162909334284,10.690601223597952
826,0.33668421605638954,0,1.4502162909334284,14.297947379482025
840,0.19029162029757457,0,0.7538483330707669,14.19443699574876
854,0.2922753252265464,0,1.4878675288277792,13.62244159670513
868,0.3352001150192811,0,-0.0,13.96435789340245
882,0.21023409589943748,0,0.7538483330707669,10.668784411525877
896,0.22477851578566088,0,0.7538483330707669,12.077342125366101
910,0.25192352540027596,0,1.5074357587749678,13.131230958446196
924,0.28441340767668666,0,0.7345210342548154,13.473480592451153
938,0.2962968592371075,0,1.4688007143858246,14.131016499181044
952,0.1492199076818853,0,1.5911402711945875,12.903726460208986
966,0.16648209648805073,0,0.7742201649280623,13.064375140381316
980,0.2807022876983124,0,-0.0,15.899104272133712
994,0.27979999054687166,0,0.7345210342548154,14.977294280023443
1008,0.17797285769397567,0,0.7345210342548154,15.743374184608058
1022,0.13392857142857142,0,1.548157698977968,16.302551512517027
1036,0.16635090877546563,0,-0.0,16.415464128493795
1050,0.3040764055194235,0,-0.0,18.38415041652459
1064,0.3035414417356572,0,0.7161599454704085,16.715067471042886
1078,0.3617916756710585,0,0.725224299059252,16.784245130068655
1092,0.40176529855376447,0,-0.0,16.39974138843013
1106,0.354150021686646,0,-0.0,15.489178012053344
1120,0.35385169264722444,0,0.7161599454704085,14.16784401833877
1134,0.32472929962667485,0,0.725224299059252,11.532845001427148
1148,0.313435597664362,0,-0.0,10.723449325485745
1162,0.30640318332918626,0,-0.0,10.33998827789398
1176,0.328125,0,-0.0,8.852766092181497
1190,0.3140471798998873,0,-0.0,9.168910962333541
1204,0.2978410261255669,0,-0.0,8.24011298731358
1218,0.28125,0,-0.0,8.24011298731358
1232,0.27297794117647056,0,-0.0,8.316340782295157
1246,0.3033088235294118,0,-0.0,9.189230724859044
1260,0.29169730097624513,0,1.4878675288277792,7.918990758248668
1274,0.2774835970997025,0,4.455602833326315,9.476705578655071
1288,0.2978410261255669,0,4.455602833326315,9.95900002569897
1302,0.32553658173075484,0,4.455602833326315,8.700482214830686
1316,0.26821432962387803,0,5.2623953995951185,7.7187233037072644
1330,0.2689263867880034,0,5.931526924919764,8.939371237760867
1344,0.27829720198206775,0,7.495857639729858,9.416511796895605
1358,0.26839496454347644,0,9.090276920822323,9.752402464872091
1372,0.27829720198206775,0,8.972626614896393,9.595828269228008
1386,0.27856937299440965,0,9.70665240933971,8.878481917593149
1400,0.28461064149501925,0,9.70665240933971,8.536723679442787
1414,0.2829465372894605,0,9.582944723532572,9.970722144034056
1428,0.2996613570676119,0,9.833563964207116,9.066256918518349
1442,0.19041325388431432,0,9.462322208025617,8.385753227146637
1456,0.13810076028496865,0,9.593134262730338,8.353591832935507
1470,0.1254541877303919,0,10.37584492005105,9.724554022325464
1484,0.2689872511704065,0,9.833563964207116,9.26693319381269
1498,0.30744825499313944,0,9.582944723532572,10.561973389302523
1512,0.3190204623595353,0,9.70665240933971,10.022597914765782
1526,0.3645099566352017,0,9.462322208025617,10.868753655972284
1540,0.3483448612489928,0,9.462322208025617,10.868753655972284
1554,0.3963414949500145,0,10.175510843043206,11.906692517765435
1568,0.28386694132323664,0,8.74616226255521,10.254366531682138
1582,0.27633822535689045,0,9.582944723532572,11.076462850467152
1596,0.3040764055194235,0,8.74616226255521,12.886272631929188
1610,0.30491893788709484,0,5.194428907734806,12.469848057731582
1624,0.3027507702666272,0,2.935673446421173,11.361649699667083
1638,0.2653511438491562,0,0.7538483330707669,10.076942976116783
1652,0.29901960784313725,0,1.4688007143858246,10.04160486458187
1666,0.3261141717931003,0,-0.0,8.466089083248903
1680,0.3140595983963703,0,-3.715289105428768,10.224188930651621
1694,0.29844903048706084,0,-7.399594659887109,9.618571493085767
1708,0.29812068842615397,0,-9.833563964207116,9.310785068725153
1722,0.29460685834881983,0,-12.93805631718645,6.675967094848204
1736,0.27880309351633237,0,-15.124007308310569,7.373122186395705
1750,0.30010104899311874,0,-13.671307132195835,6.064790860805971
1764,0.36444080432554404,0,-12.771242564901442,10.421937356591258
1778,0.40990389239077873,0,-11.738571206722327,12.659829942902093
1792,0.39725138692981865,0,-11.888658039627973,10.494843698632508
1806,0.3923116298227146,0,-10.43747535111818,10.304418350791934
1820,0.16953682790953548,0,-9.334998463138238,8.647250038538004
1834,0.22089759033857587,0,-8.235619324209505,8.573637321559602
1848,0.1759134401666896,0,-9.211026540816668,7.9795159465273855
1862,0.2326643662252242,0,-8.130102354155978,10.02604355513131
1876,0.4088192347261219,0,-7.21426203920676,11.194181859801915
1890,0.26204956026092796,0,-7.495857639729858,10.884492183722728
1904,0.37891191624055665,0,-7.21426203920676,9.672041808503735
1918,0.285590635872106,0,-5.856013585428958,9.612386654983823
1932,0.29221629907876734,0,-2.260501911141272,9.855513286945751
1946,0.2601955842238054,0,-0.0,9.810171303742862
1960,0.29394707116457663,0,2.2311746080312513,9.135723814721842
1974,0.3428327325210777,0,2.2025981617658057,11.705389802702427
1988,0.38290813846479005,0,1.4320961841646465,13.657685117296552
2002,0.40205814407879437,0,2.1747441146100535,12.613102510524385
2016,0.27475657231036105,0,0.7345210342548154,10.166577301393488
2030,0.2580899056436944,0,0.7345210342548154,9.198787895170938
2044,0.26666666666666666,0,1.4688007143858246,9.599308415325766
2058,0.2692248771961598,0,0.7440592028887096,10.892291396428448
2072,0.32563977302602454,0,-0.0,12.984334530360542
2086,0.304204426779332,0,-0.0,12.626598931244274
2100,0.3070178105158229,0,0.7345210342548154,11.437491752468645
2114,0.3000650902231383,0,0.7440592028887096,12.8859269335465
2128,0.2739583333333333,0,1.4688007143858246,11.98808947910689
2142,0.29138699034134063,0,0.7440592028887096,13.627466803085724
2156,0.3148125191563875,0,0.725224299059252,14.016500484745848
2170,0.30609287269428187,0,0.7073193685442565,15.061648527427877
2184,0.2756549548108183,0,0.725224299059252,14.814666115679415
2198,0.3240947062093221,0,0.7161599454704085,13.861892337474643
2212,0.3565522728843211,0,1.414423211402155,17.440865157648062
2226,0.36972580164356206,0,-0.0,17.815003111800593
2240,0.3638059114563271,0,-0.0,17.310222578049775
2254,0.31505552355944044,0,0.7073193685442565,17.331427663306386
2268,0.3704186727320895,0,0.6986943829834713,18.449766960182558
2282,0.36737561478463193,0,-0.0,18.885332019634376
2296,0.3842274868670723,0,-0.0,18.849867273304937
2310,0.37139968859697753,0,0.6986943829834713,19.4198185807619
2324,0.30491893788709484,0,0.7073193685442565,14.75255745903766
2338,0.304856003429299,0,-0.0,9.657574381145508
2352,0.3033088235294118,0,-0.0,8.962307014294794
2366,0.24970468771421453,0,-0.7538483330707669,7.8031446914503135
2380,0.2807022876983124,0,-0.0,7.37648916453611
2394,0.26727466924943216,0,-0.7638984609299951,5.111692210939907
2408,0.2807022876983124,0,-1.5074357587749678,4.895892268084225
2422,0.3526366540897051,0,-0.7538483330707669,10.542693509002646
2436,0.34889956434789454,0,-0.7538483330707669,3.5789957655875924
2450,0.34341528692674644,0,0.7742201649280623,3.3129793493252464
2464,0.3833333333333333,0,-0.0,8.648609877281302
2478,0.3103058624727967,0,-0.795723552739274,1.389129319225674
2492,0.2775793371248664,0,-1.6135389328811822,10.629339515427887
2506,0.24897658841297404,0,-1.6365770416167182,9.661003812297139
2520,0.25813735505546,0,-0.795723552739274,10.83134960640632
2534,0.20805749809474927,0,-0.0,3.4731648038043375
2548,0.2517519038157138,0,-0.7742201649280623,5.297806356474553
2562,0.34898556036654343,0,-0.7345210342548154,10.440697444126215
2576,0.36459157051941987,0,-0.0,11.743322260436315
2590,0.37152613031347403,0,-0.0,12.776373715873689
2604,0.36972580164356206,0,-0.0,12.595984474608315
2618,0.4131407764644961,0,-0.0,12.592323712211083
2632,0.3421179201248504,0,-0.0,12.325709739691945
2646,0.380186142058215,0,-0.0,11.978049806524098
2660,0.3658065662996527,0,-0.0,10.81531003806461
2674,0.2098191882886677,0,0.7742201649280623,10.419436020821621
2688,0.3403202785138921,0,-0.0,11.992495642564279
2702,0.3367217334339615,0,0.7440592028887096,10.951523243008893
2716,0.3121957153879513,0,0.7345210342548154,12.4758376018722
2730,0.3559771190495205,0,1.4502162909334284,12.902852516124966
2744,0.32487881653160255,0,0.7345210342548154,12.244330922587551
2758,0.33910528273365936,0,-0.0,11.090124606771894
2772,0.3529412620251612,0,-0.0,11.354777961815472
2786,0.3795831781614966,0,0.7440592028887096,11.442089018852954
2800,0.3658065662996527,0,1.4688007143858246,12.616341693741163
2814,0.3825094099146896,0,-0.0,12.922773590500697
2828,0.3851664456471247,0,-0.0,13.17755328113958
2842,0.42383414126110786,0,0.7161599454704085,12.433551254041134
2856,0.2540618281413629,0,0.7742201649280623,10.135889646331918
2870,0.265625,0,-0.0,10.503613247539704
2884,0.225,0,-0.0,9.785859735751188
2898,0.2755865464478238,0,0.7638984609299951,9.793763185214885
2912,0.17220757563960448,0,-0.0,8.476434794732654
2926,0.2530321525838238,0,1.548157698977968,10.0048885828447
2940,0.24646687401738304,0,0.7742201649280623,9.977947865463989
2954,0.34402839967506227,0,0.725224299059252,11.381155272446875
2968,0.39982555886322946,0,0.7161599454704085,12.354592898308681
2982,0.3837797654887609,0,1.4502162909334284,13.561027153559849
2996,0.3819977078427268,0,0.725224299059252,12.257567871270567
3010,0.3526429329857397,0,0.7161599454704085,13.84681808537377
3024,0.36836051375696105,0,0.7345210342548154,13.836425478924923
3038,0.3588063352027563,0,-0.0,14.09405545846704
3052,0.3839514498668919,0,-0.0,13.579213699778848
3066,0.3526366968669916,0,0.7345210342548154,12.324174106805344
3080,0.41120585420994504,0,0.7161599454704085,12.904043628392401
3094,0.3754081656817066,0,1.4502162909334284,12.886386487278287
3108,0.3658065662996527,0,1.4502162909334284,11.477565811937126
3122,0.3673425364426463,0,0.7345210342548154,9.243852909396708
3136,0.32418611651331974,0,-0.0,10.401959860033656
3150,0.3511098641689787,0,1.4502162909334284,10.804156641939471
3164,0.36482254273463305,0,0.7161599454704085,10.026436833195618
3178,0.3232502662488964,0,0.7345210342548154,8.893995059944984
3192,0.3180147058823529,0,1.4688007143858246,8.200348623131106
3206,0.3541582725043856,0,1.4878675288277792,10.224295481599057
3220,0.36330092431995265,0,-0.0,9.824840620616925
3234,0.30640318332918626,0,-0.0,7.7413770009112
3248,0.25,0,-0.0,10.380942487944594
3262,0.28860294117647056,0,1.4688007143858246,10.678852756852962
3276,0.18238084084254713,0,0.7742201649280623,8.842601800687987
3290,0.2580899056436944,0,0.7345210342548154,9.809272523639606
3304,0.2258286674382326,0,0.7538483330707669,9.809272523639606
3318,0.28125,0,-0.0,9.34497176027412
3332,0.3645159201001854,0,-0.0,10.462208196081747
3346,0.290625,0,-0.0,9.059778658148502
3360,0.1900193381365819,0,-0.0,7.777112172156791
3374,0.3140471798998873,0,-0.0,9.280731705266362
3388,0.31895055614677625,0,0.7345210342548154,10.494822585045824
3402,0.23307493508327104,0,0.7538483330707669,8.341886667083685
14,0.29966777367849134,1,0.7742201649280623,5.39632765705781
28,0.24116484072696545,1,1.5911402711945875,6.399897886709738
42,0.2514329241062449,1,1.548157698977968,7.482385209818375
56,0.23512215118477028,1,2.3532968661083045,7.571172502276852
70,0.19932961641123725,1,2.4195092166563366,6.04714140839377
84,0.20159994320005284,1,2.2906100426385296,6.45840141841623
98,0.17709564776223913,1,0.7538483330707669,6.887267076752067
112,0.19314053240260817,1,2.3532968661083045,6.6542226253116326
126,0.18613883153925803,1,2.2906100426385296,5.264374580816622
140,0.15134289258214578,1,2.260501911141272,6.79144305282918
154,0.1330889642738353,1,2.3215305898327188,6.644345564903546
168,0.16774601026473018,1,3.0528825147924286,7.362540974417925
182,0.1492306232002264,1,3.865461169851747,6.152736438806812
196,0.16220570465892692,1,2.3532968661083045,7.5760855954719375
210,0.16194918071337344,1,2.3532968661083045,6.448703296766212
224,0.14115544071233732,1,2.3215305898327188,6.826933132515109
238,0.215827043301331,1,2.3215305898327188,6.283494520813235
252,0.24970468771421453,1,2.3215305898327188,6.658315000345112
266,0.2827057947260392,1,-0.0,8.178045455313594
280,0.1558550126162635,1,-0.7638984609299951,6.6529148653166885
294,0.21618678420226528,1,-0.0,9.397234801428425
308,0.20158220826086426,1,-0.7538483330707669,7.497694722121793
322,0.16629752630943484,1,-1.548157698977968,6.322078599066799
336,0.2044845948821432,1,-3.136358368332587,9.493720459202024
350,0.19904674040906317,1,-2.260501911141272,8.129419884476647
364,0.3462556313625434,1,-2.2311746080312513,9.216674909588534
378,0.2850528674387857,1,-2.260501911141272,8.515570660351699
392,0.26549705342435126,1,-3.094058058917111,7.76292404163712
406,0.2044845948821432,1,-3.0528825147924286,7.996498136213603
420,0.16575108821160364,1,-2.260501911141272,7.42768638723345
434,0.1419577281065644,1,-2.3215305898327188,6.609063351694573
448,0.19269021930103425,1,-2.260501911141272,8.039128806143282
462,0.21821196089180772,1,-0.7848246029918882,5.925704906956327
476,0.20247715313178938,1,-0.8069294551023743,4.402040286829077
490,0.14403252281229534,1,-1.5275254422129272,10.953728798115378
504,0.1009301871590491,1,-0.0,17.257392025595976
518,0.058772775681617526,1,0.6986943829834713,14.32288340924299
532,0.13694852941176472,1,1.3971810272963767,19.263949722535784
546,0.10560724402815011,1,0.7161599454704085,19.473384504186697
560,0.1213235294117647,1,1.3971810272963767,19.348307929674462
574,0.11276021089569793,1,2.147585428298503,19.47859501193821
588,0.10654151646360276,1,2.147585428298503,20.422191957724323
602,0.10560724402815011,1,2.147585428298503,18.43915142112482
616,0.11764705882352941,1,1.4320961841646465,20.08076624222602
630,0.10550573656785575,1,1.4320961841646465,19.664810373018355
644,0.13222605685110264,1,0.6986943829834713,20.248317262417288
658,0.11652475869784423,1,1.414423211402155,19.462141474003488
672,0.09734009357952456,1,2.1210963966614536,18.535715471809795
686,0.18677605094190636,1,1.4688007143858246,10.154660697323663
700,0.22251383006150519,1,0.795723552739274,2.4563631890827367
714,0.12831909730236435,1,-0.8680514497455425,15.51294644405749
756,0.1970971275732658,1,-3.468229258917148,14.858596875273662
784,0.1851229586821916,1,-1.7098140441415306,5.708196281997914
798,0.20314079461000129,1,3.224522606519908,16.764240359208486
812,0.21158191466065038,1,4.1446237411042945,8.184255903789904
826,0.20454306015109763,1,3.2704879231835657,11.634211141068363
840,0.19417436195306176,1,3.2704879231835657,11.386861797820757
854,0.1949521620297069,1,4.1446237411042945,8.800299271058776
868,0.19242109130922744,1,4.830419958289941,0.07520951423003908
882,0.24134900414550856,1,3.865461169851747,7.57531351132053
896,0.2534771030157035,1,14.588918732874635,10.309847359325545
910,0.23646177796671453,1,27.216111557307475,8.09556652993217
924,0.2497234865467592,1,29.835539100261556,10.652576685320042
938,0.2491286949300306,1,31.787253121664758,18.933833151862217
952,0.31377649705622146,1,37.16447489351145,10.839259581337615
966,0.31386732339736556,1,37.874983651098205,13.668715921282939
980,0.32131977822267677,1,36.44444175658712,15.525318736686216
994,0.241499509605942,1,33.87853980510965,17.968720697564294
1008,0.2620138409065169,1,30.004920870824012,18.38549579502191
1022,0.23956908927031334,1,30.718904264029177,14.610410631156242
1036,0.22772667663446278,1,27.18111108547722,16.256670441913997
1050,0.21840174342067542,1,25.27772223555295,16.71139989386478
1064,0.18731742923277078,1,0.7345210342548154,13.022972103256222
1078,0.1736955599655035,1,-23.670538484720453,9.778872801368948
1092,0.22135830812497986,1,-34.651315912004534,12.039705449003094
1106,0.29361712499327935,1,-24.646770851931166,7.116403166091544
1120,0.2883111139548451,1,-26.294790070583854,10.503628409442058
1134,0.3305704843048201,1,-33.87081071038882,6.783877150446756
1176,0.3201865961363929,1,-31.86597769360368,17.35123144640835
1190,0.22951406264453977,1,-35.0493733120484,11.386366678301073
1204,0.35202031478761814,1,-27.216111557307475,7.99036982809497
1218,0.23599179723300612,1,-32.64464013491648,5.963694384717911
1232,0.28493194258654553,1,-26.91655461695134,5.020863834741306
1246,0.22685376107020278,1,-31.504266719204193,6.552506002084954
1260,0.2819761096225898,1,-31.607502246248906,16.27857334178799
1274,0.2796179982734545,1,-32.69198418257208,9.543150696582046
1288,0.3009325135290809,1,-32.15229514128234,11.388158732925092
1302,0.21722794937808637,1,-30.606407031509484,21.26392964696325
1316,0.10864894756459367,1,-10.304846468766033,14.104015066265873
1330,0.11219124303414552,1,2.8985767992817095,13.663073827791436
1344,0.1541709882013299,1,19.55825153699744,16.327650198917866
1358,0.22396621700080957,1,31.56181184164935,14.624232001136562
1372,0.22697850956496876,1,30.1013045655997,5.78741943285155
1386,0.21783130808791132,1,26.22196677755446,3.1578114245633913
1400,0.1842808763535535,1,19.486129572465757,4.029300827615629
1414,0.17342011796312334,1,11.309932474020213,13.422164109922846
1470,0.229377657218365,1,-15.832386620422204,6.950572196537763
1484,0.21435196105891657,1,-28.673146489434995,1.6215991481610956
1498,0.25099506302145475,1,-29.649863507575578,6.87659424749981
1512,0.21348688357474166,1,-33.690067525979785,6.665437183227823
1526,0.1489502805468267,1,-29.275254277252575,11.613725167530191
1540,0.12749046003989112,1,-14.743562836470735,14.604475779238413
1554,0.2430206459727539,1,-5.332158881659557,8.558789421424024
1568,0.22821166729159387,1,0.7848246029918882,3.9625063061229753
1582,0.26549705342435126,1,1.548157698977968,7.556158816254396
1596,0.2087706448474551,1,3.094058058917111,7.5482664761730405
1610,0.21618678420226528,1,1.5911402711945875,1.961017995435185
1624,0.22081904555755855,1,-2.4195092166563366,5.291487007253778
1638,0.20428084560699272,1,-0.795723552739274,2.016797173537583
1652,0.1478647677954501,1,-0.795723552739274,4.489141069403189
1666,0.14461969235149047,1,-1.5911402711945875,6.965201850749622
1680,0.15697283972047743,1,-0.8069294551023743,6.536471956234436
1694,0.22519473246844507,1,-0.7848246029918882,3.8119296944321093
1708,0.24524768288685656,1,-4.763641690726177,0.25792914119031707
1722,0.19155911010676926,1,0.7848246029918882,4.384765995982377
1736,0.22856711390872186,1,-0.8069294551023743,1.1256819092334922
1750,0.22294007940024685,1,-0.795723552739274,0.9570579114373743
1764,0.25419214291177994,1,-1.5911402711945875,1.130113649355792
1778,0.23450788382855783,1,-4.899092453787765,2.444498219630077
1792,0.17560137469315248,1,-4.969740728110304,4.607165597472886
1806,0.1727326838446488,1,-3.179830119864234,2.503294334719925
1820,0.22273268384464878,1,-3.179830119864234,5.486877739255846
1834,0.2487436867076458,1,-3.179830119864234,3.7781347822924545
1848,0.24226804135981916,1,-3.179830119864234,4.8300644602341265
1862,0.1375104314740804,1,-3.094058058917111,8.897174039364671
1876,0.16629752630943484,1,-0.0,10.15279572986151
1890,0.20664909076752536,1,-0.0,11.734881789452686
1904,0.1856259162865068,1,-0.0,11.501763391144294
1918,0.21242999305049415,1,1.5693548047489851,10.762132378724232
1932,0.2497416017499377,1,0.7538483330707669,9.116266735428383
1946,0.17220757563960448,1,1.548157698977968,10.034670267583323
1960,0.1995570315713218,1,1.548157698977968,11.929945746799604
1974,0.17239214581822038,1,0.7742201649280623,12.261430390921277
1988,0.16112162084869308,1,1.548157698977968,13.228287679196313
2002,0.15629216309452845,1,-0.0,11.964563543841933
2016,0.17834452677060136,1,0.7742201649280623,11.344372854453155
2030,0.17292191572547194,1,1.5275254422129272,12.016682292959672
2044,0.16575108821160364,1,-0.795723552739274,5.197363944836553
2058,0.16043023021432762,1,-2.4195092166563366,3.009849241558925
2072,0.17153711080303585,1,0.8184554616886143,0.276571249889912
2086,0.21578945673493014,1,-3.2704879231835657,0.335203172167752
2100,0.16954874709634984,1,-4.899092453787765,0.6821649562859307
2114,0.1447535476109697,1,-5.6306827576352605,0.07114390385524416
2128,0.1419577281065644,1,-3.9724959407506595,5.476166002359037
2142,0.12835075235795507,1,-2.3859440303888126,5.281374691148272
2156,0.15470101253099144,1,-4.69868051729944,4.991591162562742
2170,0.14140282033520604,1,-4.028263666485142,4.616186618355471
2184,0.11640826841660437,1,-0.0,10.35807776041068
2198,0.0935674292327708,1,1.5074357587749678,15.564146522598861
2212,0.11562148380233234,1,1.5074357587749678,13.965311894920774
2226,0.11286557466189437,1,-0.7742201649280623,13.804300261291843
2240,0.14945280137980657,1,-0.0,13.29894478420914
2254,0.1326008705692829,1,0.7742201649280623,9.886910179876708
2268,0.18883732827054794,1,-0.0,5.889905064710263
2282,0.1851370258085367,1,-3.136358368332587,3.699548872200637
2296,0.3059177736784914,1,-0.7742201649280623,7.206409285533937
2310,0.3125,1,1.5074357587749678,14.234531350705765
2324,0.17689876315471742,1,0.7742201649280623,13.789159200371671
2338,0.14825228023428394,1,-0.7742201649280623,11.620215607114659
2352,0.2769805478866627,1,-1.548157698977968,11.87321615563161
2366,0.30983950706373475,1,-1.548157698977968,12.45124212502651
2380,0.3013827634584819,1,-1.5693548047489851,10.94720786098361
2394,0.1162280617007984,1,-3.094058058917111,11.92138551536425
2408,0.1982466869249722,1,-3.0528825147924286,12.101567473167648
2422,0.26102864343824617,1,-5.332158881659557,11.229303682749816
2436,0.2791665216843654,1,-5.332158881659557,9.372904044484216
2450,0.27646840560641717,1,-5.403791360249714,9.515625837710274
2464,0.31498171141183007,1,-5.403791360249714,10.093687387724117
2478,0.2921656953959656,1,-6.088528154195175,11.394063749106692
2492,0.2845175157838866,1,-6.1701750950296095,9.340997081781609
2506,0.32495438153194456,1,-6.1701750950296095,7.227924993096934
2520,0.1865110419790578,1,-6.254032743916468,7.927808420328546
2534,0.3603413116802755,1,-6.753574035530993,8.212880106337934
2548,0.3242386992786425,1,-5.332158881659557,7.347894221323628
2562,0.2684231148078422,1,-2.3215305898327188,9.306779155404456
2576,0.28475301082753846,1,-1.548157698977968,11.334193058556878
2590,0.18731742923277078,1,0.7538483330707669,15.291959120665382
2604,0.16648209648805073,1,0.7538483330707669,12.727891601167471
2618,0.1858474005008459,1,0.7742201649280623,10.912065591132716
2632,0.18238084084254713,1,-0.795723552739274,9.589028192048318
2646,0.20495430626357872,1,-1.5693548047489851,7.917735382974939
2660,0.17811762496977412,1,-1.548157698977968,8.00466223710444
2674,0.11059253693421597,1,-0.0,10.231742074070667
2688,0.13652662263919155,1,2.3859440303888126,10.508981467261322
2702,0.12845319026967808,1,2.260501911141272,8.789344809763435
2716,0.1419577281065644,1,2.3859440303888126,6.146866190213842
2730,0.18448898267448655,1,2.3532968661083045,6.35310772153872
2744,0.16801331607737352,1,0.8184554616886143,7.968284698872736
2758,0.17875637543162576,1,0.7848246029918882,9.75619709396949
2772,0.12428005857690072,1,2.3859440303888126,6.736264416183673
2786,0.12477306770426255,1,2.3215305898327188,8.929019679230066
2800,0.12740024275156267,1,1.548157698977968,9.514677040397174
2814,0.1366484794747675,1,1.5275254422129272,11.118620927284837
2828,0.13650082333187477,1,0.7638984609299951,10.793817954349038
2842,0.14040077609446666,1,0.7638984609299951,10.523081965796536
2856,0.14040077609446666,1,2.2906100426385296,12.33675299682426
2870,0.12487828615518054,1,2.147585428298503,18.681450199254414
2884,0.12111864672793808,1,1.414423211402155,22.079126142487354
2898,0.12110030810665087,1,1.4320961841646465,21.428965754481595
2912,0.10286504587536746,1,0.6986943829834713,21.83906307731408
2926,0.12468761919066582,1,2.147585428298503,20.93476958593814
2940,0.12876563886154452,1,12.36249241571431,13.868036114449865
2954,0.141223466784243,1,17.969139740157015,13.801025445732819
2968,0.17155501856856292,1,17.94940299291388,8.375447837832468
2982,0.17685984060926202,1,18.43494882292201,9.821920019924562
2996,0.13465369965171126,1,15.39554925399509,4.0207432440559785
3010,0.15348338848898094,1,11.14288985833932,2.8542748574973302
3024,0.09414678014145039,1,3.468229258917148,0.429549930079105
3038,0.17963599456572185,1,-0.8425242607404146,4.344185222336904
3052,0.18624725462878197,1,-8.488943880504715,0.4037715477059578
3066,0.19257609380083446,1,-17.161918802865298,0.6024930932538268
3080,0.19806596003282095,1,-25.463345061871614,6.308048437052889
3094,0.20876758985019822,1,-30.141385552075345,4.642358413428411
3108,0.2649821114518044,1,-32.005383208083494,11.323513473670943
3122,0.2642302896877333,1,-32.41230661835121,16.944975422564028
3136,0.26489648082311246,1,-35.97238704928491,17.311691865396853
3150,0.3709139528055777,1,-32.366638064724995,15.092194679601079
3178,0.35892372638907977,1,-31.56181184164935,15.424201665001732
3192,0.15076276853194087,1,-16.990823291986167,14.596349908714814
3206,0.104345864924749,1,-2.2311746080312513,15.293869059186306
3220,0.15824667369261228,1,12.771242564901442,12.890913783898412
3234,0.1693370036592577,1,24.623564786163612,13.922442354872857
3248,0.25940330261563577,1,30.718904264029177,14.60983495993571
3262,0.17473195489599008,1,29.275254277252575,11.987799433097365
3276,0.17654149000709013,1,22.08717160322835,9.96388448665212
3290,0.1396071787993597,1,7.594643368591445,13.563563606293258
3304,0.12487828615518054,1,-0.7345210342548154,18.84080235040858
3318,0.12090964114213615,1,-4.289153328819018,25.687603325177633
3332,0.2650482026468084,1,-5.9061411137704996,17.381173111237075
3346,0.1492084282730371,1,-2.935673446421173,18.74095558154275
3360,0.20247715313178938,1,2.260501911141272,12.34497874804697
3374,0.2044845948821432,1,4.69868051729944,5.454998793868469
3388,0.24460054266063694,1,4.69868051729944,5.092011735704773
14,0.28005220638162315,0,-2.96093613416375,4.37523362387887
28,0.298722587513519,0,-1.9091524329963763,1.7021548713638026
42,0.2719457897592049,0,-2.96093613416375,4.605659373212973
56,0.28291756933189105,0,-1.9414863909143774,0.47057467147334364
70,0.3205128205128205,0,-1.9091524329963763,3.0735623250868116
84,0.3579989619982291,0,-1.9414863909143774,8.276450974436045
98,0.4119788138111467,0,-2.8155566842112285,5.7148423452110535
112,0.40894199553853383,0,-2.8155566842112285,7.038858685160989
126,0.42675375803551124,0,-2.8155566842112285,9.097302349952486
140,0.3755211589698464,0,-1.8778774472853594,5.858253775824494
154,0.36671678279222475,0,-2.8624052261117474,6.344953415743561
168,0.3511385510620869,0,-2.770215797200193,8.184576746385346
182,0.3150612224664776,0,-3.6913859864512752,4.524545074563832
196,0.3154242653478012,0,-2.770215797200193,4.2129754469816305
210,0.29917574359019883,0,-2.8624052261117474,3.182214964680014
224,0.27994497435942955,0,-2.8624052261117474,4.69938500944491
238,0.2880083823848587,0,-2.8624052261117474,4.53008450398147
252,0.26877761315408943,0,-2.8624052261117474,4.9060313427934545
266,0.3072391516156279,0,-2.770215797200193,4.279959099161431
280,0.3072391516156279,0,-2.770215797200193,6.864999707167698
294,0.3072391516156279,0,-2.8624052261117474,6.444139220639414
308,0.3119670101123631,0,-2.8624052261117474,6.07764905224866
322,0.28761187081776385,0,-1.9091524329963763,3.1982557964412877
336,0.31778470796727365,0,-0.9548412538721887,5.1573580425207695
350,0.31778470796727365,0,-0.9548412538721887,2.246703941417735
364,0.32641327633681216,0,-2.8624052261117474,4.215375863090145
378,0.3287806922140749,0,-2.770215797200193,6.444139220639414
392,0.3199371135536338,0,-2.8624052261117474,6.864999707167698
406,0.3119670101123631,0,-4.763641690726177,1.9528503370301848
420,0.3054501820234152,0,-6.654425046006596,2.2105402389442474
434,0.2893875893977614,0,-8.3929251873925,2.3445395640841866
448,0.29097638677135856,0,-8.530765609948133,5.907209089422167
462,0.2972285779009761,0,-8.673174047879765,3.85050030201441
476,0.27190556405128935,0,-10.222168633636125,5.621722147505352
490,0.28338155413521127,0,-12.63336193527501,4.169462959138798
504,0.2878719058652245,0,-12.425942865427485,4.136716059169885
518,0.3158375162662209,0,-11.689369175439191,5.636081075793896
532,0.42010189020240224,0,-11.49656301758578,3.67739081132504
546,0.4063310736076913,0,-10.388857815469612,5.365572341391697
560,0.43905996157465565,0,-10.561010691196383,3.7848158010355633
574,0.40362762197922086,0,-10.388857815469612,6.308842757614286
588,0.3857762979048961,0,-9.619727799698852,7.8201151544263325
602,0.353351783038901,0,-10.388857815469612,4.200650366137552
616,0.3648999697088885,0,-9.619727799698852,7.267206473397437
630,0.34578638429396563,0,-10.561010691196383,7.096056292042249
644,0.36638013310053086,0,-10.388857815469612,5.1870562033248575
658,0.3505725953764562,0,-9.462322208025617,5.167958457574684
672,0.3541414998960015,0,-8.3929251873925,4.479448695332707
686,0.36675673147837495,0,-4.763641690726177,5.300418819071552
700,0.35261355478048906,0,-2.8624052261117474,7.050029468754644
714,0.348058067569092,0,-1.8476102659945959,6.020296805397294
728,0.3564219976109807,0,-0.93919094573558,4.08996948149894
742,0.3288303634658696,0,-2.8624052261117474,6.924082936405966
756,0.3915603079234815,0,-2.726310993906266,7.861280183326755
770,0.3723295386927123,0,-0.9093804491991414,7.908726567573183
784,0.42440909048453246,0,0.9093804491991414,6.082577660639231
798,0.34018719950125176,0,3.6913859864512752,7.92843243167502
812,0.38557688463504736,0,4.685899839502702,7.49793967914394
826,0.3379532456822968,0,6.546290783294036,5.992225491130171
840,0.3246243067445994,0,8.530765609948133,9.313269065993524
854,0.38557688463504736,0,6.546290783294036,8.289876096170758
868,0.3528446862638578,0,6.546290783294036,7.8569538613645875
882,0.3926333704931533,0,7.3523793598923595,6.72052891211689
896,0.3719532623929789,0,8.3929251873925,9.004844331140674
910,0.38960394688913447,0,6.546290783294036,8.951373884959054
924,0.18113335094780975,0,6.766174822553061,3.0680214856292025
938,0.16707929527275867,0,6.88172363063695,6.356503122608132
952,0.32015242769430385,0,6.654425046006596,7.276649182513523
966,0.31150688077789307,0,5.710593137499643,8.10269644443531
980,0.3091464381584206,0,5.710593137499643,7.827519787261622
994,0.3138673233973655,0,5.710593137499643,7.397458280282706
1008,0.319483957476954,0,5.710593137499643,7.870213558334115
1022,0.340245327440389,0,5.710593137499643,7.870213558334115
1036,0.340245327440389,0,5.710593137499643,7.230982699165395
1050,0.3306810054990773,0,5.710593137499643,7.922661257040261
1064,0.33304144811854974,0,5.61758059012683,7.922661257040261
1078,0.3379532456822968,0,6.546290783294036,8.422521903766182
1092,0.3398518581857558,0,6.654425046006596,7.809688888313559
1106,0.30027255407638054,0,3.7517290705259754,8.956729129859639
1120,0.3351648351648352,0,1.9091524329963763,8.67911518991582
1134,0.31196003685457285,0,-0.93919094573558,9.042228578510475
1148,0.3499622889843379,0,-1.8778774472853594,8.371553131676393
1162,0.3124271394468331,0,-1.8778774472853594,9.242755042356833
1176,0.31005972356957046,0,-0.0,9.286737216698668
1190,0.3566890535412027,0,-0.9240453527727062,10.782201085110188
1204,0.44689169222943964,0,-0.0,9.86947848686168
1218,0.38943434673727506,0,-0.0,8.334377181423065
1232,0.3566890535412027,0,-0.9240453527727062,4.222866152712072
1246,0.3809004558239917,0,-0.9548412538721887,3.036946128583338
1260,0.34615384615384615,0,-0.0,0.13371275934514415
1274,0.31005972356957046,0,-0.0,1.800694793887459
1288,0.32262436496984204,0,-0.9710219310791666,3.2050532557670124
1302,0.30496755830912115,0,-0.98776039963981,1.7713894933638983
1316,0.30128205128205127,0,-0.0,0.17264992721644035
1330,0.31651943219621326,0,-0.9548412538721887,1.4160467835469035
1344,0.32005966443614076,0,-0.98776039963981,1.2839373938219296
1358,0.31005972356957046,0,-1.9749340108819768,6.772558346629637
1372,0.34107210419964884,0,-0.98776039963981,3.6910817845177633
1386,0.3205128205128205,0,-1.9749340108819768,2.603401083445675
1400,0.348058067569092,0,-1.9414863909143774,5.529403310338438
1414,0.3095995942351004,0,-0.93919094573558,10.306078534854493
1428,0.34615384615384615,0,-1.9091524329963763,9.74657280438754
1442,0.3723295386927123,0,-0.93919094573558,10.638317531344796
1456,0.3292904928003396,0,-1.8476102659945959,11.200437132434729
1470,0.3342353471876619,0,-1.8476102659945959,10.517280758326024
1484,0.2962501406266169,0,-0.9240453527727062,10.396408064350737
1498,0.31005972356957046,0,-1.8476102659945959,11.413772931556906
1512,0.23076923076923078,0,-0.0,11.474006744668088
1526,0.23504067250300678,0,-1.8183029644518331,14.143347646977475
1540,0.2335408958072514,0,-0.8814039965821379,16.78437783684933
1554,0.3584084665633732,0,-0.8814039965821379,17.26326037478276
1568,0.3479662113648896,0,-0.8680514497455425,18.699061836583127
1582,0.3687933401966886,0,-1.735704588928389,18.97414264701837
1596,0.3318888881644356,0,-0.8425242607404146,22.619092441264968
1610,0.3654879797342413,0,-0.0,20.503747334115445
1624,0.35156873754447326,0,-0.0,18.28582447718057
1638,0.41517705215681183,0,-0.8425242607404146,19.012628210548712
1652,0.38297381915747464,0,-1.7098140441415306,18.233721133087215
1666,0.4131521145873367,0,-0.8680514497455425,15.073648965758252
1680,0.3720808813831423,0,-0.9240453527727062,10.12865502931109
1694,0.3677520312618781,0,-0.0,7.759402834073143
1708,0.3141072834837598,0,-0.9240453527727062,9.8740928979567
1722,0.32005966443614076,0,-0.9240453527727062,9.096998243310878
1736,0.3704253172774664,0,-0.9240453527727062,9.733738407009525
1750,0.34064549664409643,0,-0.9093804491991414,10.880291845888848
1764,0.36677903621359653,0,-0.9548412538721887,9.975935721773794
1778,0.3360949067518716,0,-0.9240453527727062,10.822568989566719
1792,0.35845725914107385,0,-0.9093804491991414,13.052878535426657
1806,0.3740932507513932,0,-0.9240453527727062,9.577624409993518
1820,0.3566890535412027,0,-0.9240453527727062,10.971931359770565
1834,0.3566890535412027,0,-0.9240453527727062,11.700733825576208
1848,0.3704253172774664,0,0.9240453527727062,6.7577657741662165
1862,0.4423371551999583,0,2.8155566842112285,1.3343032491160898
1876,0.4192487052663602,0,2.8624052261117474,0.40389838106139564
1890,0.3830261676616738,0,2.9108378261677537,1.2099025667165222
1904,0.31793843893000506,0,-0.9240453527727062,5.702477747482931
1918,0.3901413011896897,0,-0.9093804491991414,8.275958783964114
1932,0.4096705374304805,0,-0.0,11.275755477022273
1946,0.4111446839638012,0,-0.0,8.344719243398771
1960,0.377743168171372,0,-0.9093804491991414,7.780269614716815
1974,0.4282902053571019,0,-0.9093804491991414,7.713703274658826
1988,0.46540615195342594,0,-0.9093804491991414,8.492819547494122
2002,0.4474400123448581,0,-0.9093804491991414,8.635265214683358
2016,0.4454175456961189,0,-0.0,6.139460036392251
2030,0.4311697685658942,0,-0.9093804491991414,6.316823083630652
2044,0.3003098327557697,0,-1.9091524329963763,7.0035040805369135
2058,0.24272450020324599,0,-1.9091524329963763,6.07115975716718
2072,0.22873488644727663,0,-0.9548412538721887,5.829382705916743
2086,0.2208706236059213,0,-2.770215797200193,9.353609861206905
2100,0.22043884338653125,0,-1.9091524329963763,8.03047124776731
2114,0.25921887304828983,0,-0.9548412538721887,7.767846156955272
2128,0.24006695286345728,0,-2.8624052261117474,8.253325670195949
2142,0.32307752104652177,0,-1.9091524329963763,8.156595491629446
2156,0.29861058324608936,0,-0.9240453527727062,9.41940763234797
2170,0.3095995942351004,0,-0.9548412538721887,8.891231883043304
2184,0.42788079730172923,0,-1.7899106082460694,10.530794967275199
2198,0.3584527655998836,0,-0.9240453527727062,10.382228319786265
2212,0.36913386992128217,0,-0.93919094573558,10.09034379466118
2226,0.35845725914107385,0,-0.9240453527727062,10.300921036374262
2240,0.3853811069271442,0,-1.8778774472853594,10.299026256004936
2254,0.35494380258336394,0,-1.8778774472853594,9.585914057178684
2268,0.34564404556758144,0,-0.9240453527727062,10.035506439716613
2282,0.3566447545046923,0,-0.9093804491991414,14.356904926628062
2296,0.354894320266411,0,-0.8951737102110744,12.496245498937526
2310,0.3406162156081144,0,-1.8183029644518331,11.473236894412281
2324,0.3206117249455934,0,-1.7899106082460694,11.021855252747429
2338,0.35976267405691004,0,-1.7899106082460694,12.731204771943254
2352,0.4169905248761078,0,-0.8814039965821379,13.991516038359293
2366,0.397985410616444,0,-0.8814039965821379,12.533769485863019
2380,0.41614864847434185,0,-0.0,11.717871187305207
2394,0.37757443655388745,0,-0.0,11.217453456721842
2408,0.3758107244952066,0,-1.7899106082460694,13.262237247378607
2422,0.3644552859855177,0,-1.7623910236605127,13.562194568504054
2436,0.3950966335255047,0,-1.7623910236605127,13.950213661163389
2450,0.3777304805923458,0,-0.8814039965821379,11.558325049119901
2464,0.35976267405691004,0,-1.7623910236605127,13.950213661163389
2478,0.3579989619982291,0,-1.7623910236605127,12.206348497273211
2492,0.3478255333545742,0,-1.7899106082460694,11.846904586010112
2506,0.3584527655998836,0,-0.9093804491991414,13.101772065505969
2520,0.34819832892166813,0,-0.8951737102110744,13.43685648793604
2534,0.3584527655998836,0,-0.9093804491991414,12.684927591562257
2548,0.35261355478048906,0,-0.8951737102110744,13.35823399234556
2562,0.22837506959778492,0,-1.9091524329963763,10.132275839515529
2576,0.18502974554517068,0,-0.0,7.913310181852637
2590,0.17279370052899823,0,-0.9240453527727062,11.12465484093994
2604,0.19655086660302615,0,-0.93919094573558,10.990629638199636
2618,0.3076923076923077,0,-1.8476102659945959,10.993507807360032
2632,0.29634025382197315,0,-0.9240453527727062,12.919244338684308
2646,0.3160593028617432,0,-1.8183029644518331,11.16457509977917
2660,0.32280445311113704,0,-1.8183029644518331,11.437230510733855
2674,0.29634025382197315,0,-0.9240453527727062,12.98067068749404
2688,0.3499653541118847,0,-0.9093804491991414,11.15125379679165
2702,0.3457006900771664,0,-0.9240453527727062,13.459540301454012
2716,0.33668531157984755,0,-0.9093804491991414,13.537650305223025
2730,0.40738100967903057,0,-0.0,11.396867127797691
2744,0.3602209711997547,0,-0.8951737102110744,12.242023311609245
2758,0.41482815211962143,0,-0.8814039965821379,12.805412913233681
2772,0.3772848710285273,0,-0.0,13.937158432621544
2786,0.3758107244952066,0,-0.0,12.123348045887496
2800,0.377743168171372,0,-0.8814039965821379,12.870213484247614
2814,0.3772848710285273,0,-1.7623910236605127,12.870213484247614
2828,0.35845725914107385,0,-0.8680514497455425,12.500783070970272
2842,0.3602209711997547,0,-0.8814039965821379,12.464173437552688
2856,0.35716581178488954,0,-0.8951737102110744,11.513329289684549
2870,0.34240920870277736,0,-0.8814039965821379,12.492836242049066
2884,0.3584527655998836,0,-0.8951737102110744,11.437230510733855
2898,0.35623524993954825,0,-1.7899106082460694,11.0894144304917
2912,0.3566890535412027,0,-0.8951737102110744,12.73629038106347
2926,0.3566890535412027,0,-0.8951737102110744,13.259187246763702
2940,0.3772848710285273,0,-1.7899106082460694,13.559597316455438
2954,0.3950966335255047,0,-1.7623910236605127,13.559597316455438
2968,0.41614864847434185,0,-1.7623910236605127,12.504338839754212
2982,0.41452843499330705,0,-0.8814039965821379,11.954724460047032
2996,0.3830023280021848,0,-0.8951737102110744,13.414434636032638
3010,0.3772848710285273,0,-1.7899106082460694,13.259187246763702
3024,0.40723494273131655,0,-0.8814039965821379,12.052091441222046
3038,0.3743357018547556,0,-0.8814039965821379,12.412436015913926
3052,0.3566890535412027,0,-0.8951737102110744,12.275209235026665
3066,0.3564219976109807,0,-0.8814039965821379,12.129345596089735
3080,0.33842348744257084,0,-0.0,12.28784929860447
3094,0.3406410031029062,0,-0.8951737102110744,12.819739589361234
3108,0.35665803232509186,0,-0.8951737102110744,13.259187246763702
3122,0.22043884338653125,0,-0.0,9.751337209954244
3136,0.2223229470893027,0,-0.9548412538721887,9.818149010796475
3150,0.18502974554517068,0,-1.8476102659945959,10.400837014517634
3164,0.1868418858780438,0,-0.93919094573558,9.306902168574027
3178,0.31557102305274237,0,-0.9240453527727062,11.323532804087904
3192,0.40192252800583417,0,-0.8814039965821379,12.280008812422409
3206,0.41482815211962143,0,-0.8814039965821379,11.24444829931167
3220,0.41692024955587936,0,-0.0,11.540729635467471
3234,0.3843410946435194,0,-0.0,10.483924427918083
3248,0.40059298673118815,0,-0.0,11.99311343758697
3262,0.4323400277555958,0,-0.8814039965821379,11.606318219766848
3276,0.4131521145873367,0,-0.8680514497455425,13.988684869444
3290,0.4131521145873367,0,-0.8814039965821379,12.332907529104006
3304,0.4159914836533578,0,-0.8951737102110744,14.207984134010218
3318,0.4147723280683715,0,-0.0,12.920549371772694
3332,0.4131671506125405,0,-0.8951737102110744,11.476061430798438
3346,0.4159047553992774,0,-0.8814039965821379,11.822962394791517
